Role,Message,Timestamp
ai,我能理解你现在的心情，听到这样的话一定让你感到很失落和不安。感情中的不确定性确实很难处理。或许这是一个机会，让你们彼此坦诚地沟通，了解她内心的真实想法，同时也表达你自己的感受和期望。无论结果如何，记得照顾好自己的情绪，你的感受是非常重要的。如果你需要，我会一直在这里倾听和支持你。,2025-07-30 08:21:21
user,我女朋友说她不知道自己爱不爱我了已经 这让我很沮丧,2025-07-30 08:21:18
ai,听起来你现在真的很不容易，情感上的问题常常让人感到心累和无助。或许你愿意跟我分享一下具体的情况？有时候，说出来能让心情稍微好一点。记得，无论是什么问题，你的感受都是很重要的，我在这里陪着你。,2025-07-30 08:20:58
user,最近情感上我遇到一些问题心好累怎么办,2025-07-30 08:20:56
ai,听起来你正在面对一些不小的压力。这样的感觉确实很让人不安，也可能让人感到有些无所适从。能和我多聊聊具体是什么事情让你感到压力吗？或者你觉得这些压力主要来自哪些方面呢？有时候，分享出来会让心情好一些。,2025-07-22 09:53:05
user,我觉得可能是某种巨大的压力下导致,2025-07-22 09:53:03
ai,"听到你这样说，我感到很关心。自毁倾向可能是非常难以应对的情绪，你并不孤单，很多人都有过类似的感受。重要的是要承认这些感受，并尝试去理解它们背后的原因。

这可能是你在某种压力、情感痛苦或其他挑战下的反应。首先，尝试着慢下来，给自己一些时间去感受和思考。寻求专业的帮助，比如心理咨询师或者心理医生，他们可以提供你需要的支持和指导。

同时，想想有没有朋友或家人可以倾诉，这样你不会觉得自己独自面对一切。记住，积极的改变虽然需要时间，但每一步都是值得的，你的感受是重要的，也值得被认真对待。你愿意和我聊聊是什么让你产生这种感觉吗？",2025-07-22 09:51:59
user,我感觉我有些自毁倾向 怎么办,2025-07-22 09:51:54
ai,"当然可以。精神分析是一种深入理解我们内心世界的方法，它强调意识与潜意识之间的关系。以下是一些可能对你有帮助的建议：

1. **倾听内心的声音**：试着每天花一点时间，静下心来，倾听自己的内心声音。写日记或进行自由联想，可以帮助你更好地理解潜意识中隐藏的情感和想法。

2. **探索过去的经历**：我们的很多行为和情绪反应都是由过去的经历塑造的。回顾童年和成长过程中的重要事件，看看这些经历如何影响了你当前的生活和人际关系。

3. **理解防御机制**：我们都有一些心理防御机制，用来保护自己不受痛苦的情绪影响，比如否认、压抑、投射等。意识到这些机制的存在，可以帮助你更好地应对日常压力。

4. **关注梦境**：梦是潜意识的一种表达方式。尝试记录并分析你的梦境，寻找其中的象征意义，或许能帮助你揭示一些潜在的情感和冲突。

5. **建立自我意识**：通过反思自己的行为、情感和动机，逐渐增强自我意识。理解自己的深层需求和欲望，能帮助你做出更符合内心的选择。

如果你觉得这些建议对你有帮助，可以尝试在日常生活中慢慢实践。同时，和专业的心理咨询师交流，也能让你得到更深入的支持和指导。无论你在经历什么，请相信自己有能力去理解和解决它们。",2025-07-21 09:34:43
user,你能从精神分析层面给出我一些建议吗,2025-07-21 09:34:35
ai,"你好，我能理解你现在的心情，听到这样的消息一定很让人心痛和困惑。面对这种情况，首先要记住的是，在感情中，出现疑惑和不确定性是很正常的事情，很多人都会经历这样的阶段。

你有尝试和她深入谈谈吗？有时候，坦诚地交流内心的感受和彼此的期望，也许能帮助你们更好地理解彼此。重要的是，给彼此足够的空间和时间去思考，而不是急于做出决定。

在这个过程中，也不要忽视自己的感受，你的情绪和需求同样重要。如果有需要，可以找朋友聊聊，或者做一些让自己放松的事情，来缓解内心的压力。无论结果如何，照顾好自己是最重要的。希望你在这个过程中找到一些平和。",2025-07-21 09:34:13
user,你好 我最近女朋友说不知道爱不爱我了 我内心其实很难受 不知道怎么处理这段感情,2025-07-21 09:34:06
ai,"听到你女朋友说可能不知道自己是否还爱你，你一定感到很焦虑和困惑。从精神分析的角度来看，这可能表明你们之间的关系出现了一些问题，需要更深入地探讨和理解。

在精神分析中，人们的情感和行为常常受到潜意识的影响。你女朋友可能在潜意识里有一些矛盾、焦虑或者不满，导",2025-07-21 09:24:48
user,最近我女朋友说她可能不知道自己还爱不爱我了 从精神分析层面给我分析一下,2025-07-21 09:24:46
ai,"我很抱歉听到你的困扰，这种情况确实会让人感到心痛和焦虑。从精神分析的角度来看，首先要理解每个人内心深处都有各种情感和冲突，爱情关系中也可能会出现不确定性和变化。

在处理这种情况时，建议你首先要倾听并尊重你女朋友的感受，试着与她坦诚沟通，了解她的想法",2025-07-21 09:17:48
user,最近我女朋友说自己已经不知道爱不爱我了 我其实心里很难受 也很焦灼 你能从精神分析的角度给我些建议吗,2025-07-21 09:17:45
ai,"I'm sorry to hear that you're feeling depressed today. It's okay to not be okay sometimes. Would you like to talk about what's been bothering you? Remember, it's important to take care of yourself and reach out for support when you need it.",2025-07-15 11:00:19
user,i feel kind of depressed today,2025-07-15 11:00:18
ai,"I'm sorry to hear that you're feeling depressed about your graduation problem. It's completely normal to feel overwhelmed and stressed during this time of transition. Remember, it's okay to not have everything figured out right away. It's important to be kind to yourself and seek support from friends, family, or a counselor if needed. Graduation can be a stressful time, but it's also a time of new beginnings and opportunities. You've come this far, and you have the strength to overcome any challenges that come your way. If you'd like to talk more about what you're going through, I'm here to listen.",2025-07-14 14:00:22
user,lately i m feel quite depressed because my  graduation problem ,2025-07-14 14:00:21
ai,"That's wonderful to hear! Exercise is a great way to help reduce anxiety and improve your overall mental well-being. It's fantastic that you're taking care of yourself both physically and emotionally. Keep up the good work at the gym, and remember to be kind and patient with yourself on this journey towards better mental health. If you ever need to talk more about your emotions or experiences, feel free to share. I'm here to listen and support you.",2025-07-14 12:39:51
user,hey i just go to the gym  and i feel my anxious emotion had get better ,2025-07-14 12:39:49
ai,I'm here and ready to listen. How have you been feeling lately?,2025-07-13 13:46:44
user,how is it going lately ,2025-07-13 13:46:43
ai,"That sounds like a beautiful and calming experience. Nature has a way of soothing our minds and bringing a sense of peace. The gentle breeze can be so comforting, almost like a loving embrace from the world around us. I'm glad you were able to enjoy such a serene moment in the park. If you ever need to talk more about your experience or anything else, I'm here to listen.",2025-07-13 13:42:34
user,i had a meditation experience in a park and the wind is quite cozy make me feel really comfortable ,2025-07-13 13:42:33
ai,I'm here for you. How are you feeling today?,2025-07-13 13:41:53
user,how is it going ,2025-07-13 13:41:52
